,accuracy,precision,recall,f1,roc_auc,pr_auc
RandomForest,0.66,0.8472222222222222,0.571875,0.6828358208955224,0.7409548611111111,0.8467670498932631
LogisticRegression,0.666,0.84,0.590625,0.6935779816513762,0.7290104166666667,0.8300967953746687
